"module name","license","repository"
"@agoric/babel-generator@7.17.6","MIT","https://github.com/babel/babel"
"@ampproject/remapping@2.3.0","Apache-2.0","https://github.com/ampproject/remapping"
"@anthropic-ai/sdk@0.9.1","MIT","https://github.com/anthropics/anthropic-sdk-typescript"
"@babel/code-frame@7.24.2","MIT","https://github.com/babel/babel"
"@babel/compat-data@7.24.4","MIT","https://github.com/babel/babel"
"@babel/core@7.24.4","MIT","https://github.com/babel/babel"
"@babel/generator@7.24.4","MIT","https://github.com/babel/babel"
"@babel/helper-compilation-targets@7.23.6","MIT","https://github.com/babel/babel"
"@babel/helper-environment-visitor@7.22.20","MIT","https://github.com/babel/babel"
"@babel/helper-function-name@7.23.0","MIT","https://github.com/babel/babel"
"@babel/helper-hoist-variables@7.22.5","MIT","https://github.com/babel/babel"
"@babel/helper-module-imports@7.24.3","MIT","https://github.com/babel/babel"
"@babel/helper-module-transforms@7.23.3","MIT","https://github.com/babel/babel"
"@babel/helper-plugin-utils@7.24.0","MIT","https://github.com/babel/babel"
"@babel/helper-simple-access@7.22.5","MIT","https://github.com/babel/babel"
"@babel/helper-split-export-declaration@7.22.6","MIT","https://github.com/babel/babel"
"@babel/helper-string-parser@7.24.1","MIT","https://github.com/babel/babel"
"@babel/helper-validator-identifier@7.22.20","MIT","https://github.com/babel/babel"
"@babel/helper-validator-option@7.23.5","MIT","https://github.com/babel/babel"
"@babel/helpers@7.24.4","MIT","https://github.com/babel/babel"
"@babel/highlight@7.24.2","MIT","https://github.com/babel/babel"
"@babel/parser@7.24.4","MIT","https://github.com/babel/babel"
"@babel/plugin-proposal-export-namespace-from@7.18.9","MIT","https://github.com/babel/babel"
"@babel/plugin-syntax-export-namespace-from@7.8.3","MIT","https://github.com/babel/babel/tree/master/packages/babel-plugin-syntax-export-namespace-from"
"@babel/plugin-transform-modules-commonjs@7.24.1","MIT","https://github.com/babel/babel"
"@babel/runtime@7.24.4","MIT","https://github.com/babel/babel"
"@babel/template@7.24.0","MIT","https://github.com/babel/babel"
"@babel/traverse@7.24.1","MIT","https://github.com/babel/babel"
"@babel/types@7.24.0","MIT","https://github.com/babel/babel"
"@casl/ability@6.7.1","MIT","https://github.com/stalniy/casl"
"@colors/colors@1.6.0","MIT","https://github.com/DABH/colors.js"
"@dabh/diagnostics@2.0.3","MIT","https://github.com/3rd-Eden/diagnostics"
"@endo/cjs-module-analyzer@1.0.4","Apache-2.0","https://github.com/endojs/endo"
"@endo/compartment-mapper@1.1.4","Apache-2.0","https://github.com/endojs/endo"
"@endo/env-options@1.1.3","Apache-2.0","https://github.com/endojs/endo"
"@endo/static-module-record@1.1.1","Apache-2.0","https://github.com/endojs/endo"
"@endo/zip@1.0.4","Apache-2.0","https://github.com/endojs/endo"
"@esbuild/darwin-x64@0.19.12","MIT","https://github.com/evanw/esbuild"
"@faker-js/faker@5.5.3","MIT","https://github.com/Marak/Faker.js"
"@faker-js/faker@6.3.1","MIT","https://github.com/faker-js/faker"
"@featherscloud/pinion@0.5.4","MIT","https://github.com/feathershq/pinion"
"@feathersjs/adapter-commons@5.0.24","MIT","https://github.com/feathersjs/feathers"
"@feathersjs/authentication-client@5.0.24","MIT","https://github.com/feathersjs/feathers"
"@feathersjs/authentication-local@5.0.24","MIT","https://github.com/feathersjs/feathers"
"@feathersjs/authentication-oauth@5.0.24","MIT","https://github.com/feathersjs/feathers"
"@feathersjs/authentication@5.0.24","MIT","https://github.com/feathersjs/feathers"
"@feathersjs/cli@5.0.24","MIT","https://github.com/feathersjs/feathers"
"@feathersjs/commons@5.0.24","MIT","https://github.com/feathersjs/feathers"
"@feathersjs/configuration@5.0.24","MIT","https://github.com/feathersjs/feathers"
"@feathersjs/errors@4.5.17","MIT","https://github.com/feathersjs/feathers"
"@feathersjs/errors@5.0.24","MIT","https://github.com/feathersjs/feathers"
"@feathersjs/express@5.0.24","MIT","https://github.com/feathersjs/feathers"
"@feathersjs/feathers@5.0.24","MIT","https://github.com/feathersjs/feathers"
"@feathersjs/generators@5.0.24","MIT","https://github.com/feathersjs/feathers"
"@feathersjs/hooks@0.9.0","MIT","https://github.com/feathersjs/hooks"
"@feathersjs/knex@5.0.24","MIT","https://github.com/feathersjs/feathers"
"@feathersjs/koa@5.0.24","MIT","https://github.com/feathersjs/feathers"
"@feathersjs/rest-client@5.0.24","MIT","https://github.com/feathersjs/feathers"
"@feathersjs/schema@5.0.24","MIT","https://github.com/feathersjs/feathers"
"@feathersjs/transport-commons@5.0.24","MIT","https://github.com/feathersjs/feathers"
"@feathersjs/typebox@5.0.24","MIT","https://github.com/feathersjs/feathers"
"@google-cloud/common@5.0.1","Apache-2.0","https://github.com/googleapis/nodejs-common"
"@google-cloud/logging-winston@6.0.0","Apache-2.0","https://github.com/googleapis/nodejs-logging-winston"
"@google-cloud/logging@11.0.0","Apache-2.0","https://github.com/googleapis/nodejs-logging"
"@google-cloud/paginator@5.0.0","Apache-2.0","https://github.com/googleapis/nodejs-paginator"
"@google-cloud/projectify@4.0.0","Apache-2.0","https://github.com/googleapis/nodejs-projectify"
"@google-cloud/promisify@4.0.0","Apache-2.0","https://github.com/googleapis/nodejs-promisify"
"@google-cloud/storage@7.10.0","Apache-2.0","https://github.com/googleapis/nodejs-storage"
"@grpc/grpc-js@1.10.6","Apache-2.0","https://github.com/grpc/grpc-node/tree/master/packages/grpc-js"
"@grpc/proto-loader@0.7.12","Apache-2.0","https://github.com/grpc/grpc-node"
"@inquirer/figures@1.0.1","MIT","https://github.com/SBoudrias/Inquirer.js"
"@jridgewell/gen-mapping@0.3.5","MIT","https://github.com/jridgewell/gen-mapping"
"@jridgewell/resolve-uri@3.1.2","MIT","https://github.com/jridgewell/resolve-uri"
"@jridgewell/set-array@1.2.1","MIT","https://github.com/jridgewell/set-array"
"@jridgewell/sourcemap-codec@1.4.15","MIT","https://github.com/jridgewell/sourcemap-codec"
"@jridgewell/trace-mapping@0.3.25","MIT","https://github.com/jridgewell/trace-mapping"
"@js-sdsl/ordered-map@4.4.2","MIT","https://github.com/js-sdsl/js-sdsl"
"@jsdevtools/ono@7.1.3","MIT","https://github.com/JS-DevTools/ono"
"@koa/cors@5.0.0","MIT","https://github.com/koajs/cors"
"@koa/multer@3.0.2","MIT","https://github.com/koajs/multer"
"@langchain/community@0.0.49","MIT","https://github.com/langchain-ai/langchainjs"
"@langchain/core@0.1.58","MIT","https://github.com/langchain-ai/langchainjs"
"@langchain/openai@0.0.28","MIT","https://github.com/langchain-ai/langchainjs"
"@ljharb/through@2.3.13","MIT","https://github.com/ljharb/through"
"@protobufjs/aspromise@1.1.2","BSD-3-Clause","https://github.com/dcodeIO/protobuf.js"
"@protobufjs/base64@1.1.2","BSD-3-Clause","https://github.com/dcodeIO/protobuf.js"
"@protobufjs/codegen@2.0.4","BSD-3-Clause","https://github.com/dcodeIO/protobuf.js"
"@protobufjs/eventemitter@1.1.0","BSD-3-Clause","https://github.com/dcodeIO/protobuf.js"
"@protobufjs/fetch@1.1.0","BSD-3-Clause","https://github.com/dcodeIO/protobuf.js"
"@protobufjs/float@1.0.2","BSD-3-Clause","https://github.com/dcodeIO/protobuf.js"
"@protobufjs/inquire@1.1.0","BSD-3-Clause","https://github.com/dcodeIO/protobuf.js"
"@protobufjs/path@1.1.2","BSD-3-Clause","https://github.com/dcodeIO/protobuf.js"
"@protobufjs/pool@1.1.0","BSD-3-Clause","https://github.com/dcodeIO/protobuf.js"
"@protobufjs/utf8@1.1.0","BSD-3-Clause","https://github.com/dcodeIO/protobuf.js"
"@sinclair/typebox@0.25.24","MIT","https://github.com/sinclairzx81/typebox"
"@sinclair/typebox@0.32.20","MIT","https://github.com/sinclairzx81/typebox"
"@stoplight/http-spec@7.0.3","Apache-2.0","https://github.com/stoplightio/http-spec"
"@stoplight/json-schema-generator@1.0.2","MIT","https://github.com/stoplightio/json-schema-generator"
"@stoplight/json-schema-merge-allof@0.7.8","MIT","https://github.com/stoplightio/json-schema-merge-allof"
"@stoplight/json-schema-ref-parser@9.2.7","MIT","https://github.com/stoplightio/json-schema-ref-parser"
"@stoplight/json-schema-sampler@0.3.0","MIT","https://github.com/stoplightio/json-schema-sampler"
"@stoplight/json@3.21.0","Apache-2.0","https://github.com/stoplightio/json"
"@stoplight/ordered-object-literal@1.0.5","Apache-2.0","https://github.com/stoplightio/ordered-object-literal"
"@stoplight/path@1.3.2","Apache-2.0","https://github.com/stoplightio/path"
"@stoplight/prism-cli@5.7.0","Apache-2.0","https://github.com/stoplightio/prism"
"@stoplight/prism-core@5.6.0","Apache-2.0","https://github.com/stoplightio/prism"
"@stoplight/prism-http-server@5.7.0","Apache-2.0","https://github.com/stoplightio/prism"
"@stoplight/prism-http@5.7.0","Apache-2.0","https://github.com/stoplightio/prism"
"@stoplight/types@13.20.0","Apache-2.0","https://github.com/stoplightio/types"
"@stoplight/types@14.1.0","Apache-2.0","https://github.com/stoplightio/types"
"@stoplight/types@14.1.1","Apache-2.0","https://github.com/stoplightio/types"
"@stoplight/yaml-ast-parser@0.0.50","Apache-2.0","https://github.com/stoplightio/yaml-ast-parser"
"@stoplight/yaml@4.3.0","Apache-2.0","https://github.com/stoplightio/yaml"
"@tootallnate/once@2.0.0","MIT","https://github.com/TooTallNate/once"
"@tootallnate/quickjs-emscripten@0.23.0","MIT","https://github.com/justjake/quickjs-emscripten"
"@types/accepts@1.3.7","MIT","https://github.com/DefinitelyTyped/DefinitelyTyped"
"@types/body-parser@1.19.5","MIT","https://github.com/DefinitelyTyped/DefinitelyTyped"
"@types/caseless@0.12.5","MIT","https://github.com/DefinitelyTyped/DefinitelyTyped"
"@types/co-body@6.1.3","MIT","https://github.com/DefinitelyTyped/DefinitelyTyped"
"@types/compression@1.7.5","MIT","https://github.com/DefinitelyTyped/DefinitelyTyped"
"@types/config@3.3.4","MIT","https://github.com/DefinitelyTyped/DefinitelyTyped"
"@types/connect@3.4.38","MIT","https://github.com/DefinitelyTyped/DefinitelyTyped"
"@types/content-disposition@0.5.8","MIT","https://github.com/DefinitelyTyped/DefinitelyTyped"
"@types/cookiejar@2.1.5","MIT","https://github.com/DefinitelyTyped/DefinitelyTyped"
"@types/cookies@0.9.0","MIT","https://github.com/DefinitelyTyped/DefinitelyTyped"
"@types/cors@2.8.17","MIT","https://github.com/DefinitelyTyped/DefinitelyTyped"
"@types/express-serve-static-core@4.19.0","MIT","https://github.com/DefinitelyTyped/DefinitelyTyped"
"@types/express@4.17.21","MIT","https://github.com/DefinitelyTyped/DefinitelyTyped"
"@types/formidable@2.0.6","MIT","https://github.com/DefinitelyTyped/DefinitelyTyped"
"@types/http-assert@1.5.5","MIT","https://github.com/DefinitelyTyped/DefinitelyTyped"
"@types/http-errors@2.0.4","MIT","https://github.com/DefinitelyTyped/DefinitelyTyped"
"@types/inquirer@9.0.7","MIT","https://github.com/DefinitelyTyped/DefinitelyTyped"
"@types/json-schema@7.0.11","MIT","https://github.com/DefinitelyTyped/DefinitelyTyped"
"@types/json-schema@7.0.15","MIT","https://github.com/DefinitelyTyped/DefinitelyTyped"
"@types/jsonwebtoken@9.0.6","MIT","https://github.com/DefinitelyTyped/DefinitelyTyped"
"@types/keygrip@1.0.6","MIT","https://github.com/DefinitelyTyped/DefinitelyTyped"
"@types/koa-compose@3.2.8","MIT","https://github.com/DefinitelyTyped/DefinitelyTyped"
"@types/koa-qs@2.0.3","MIT","https://github.com/DefinitelyTyped/DefinitelyTyped"
"@types/koa-send@4.1.6","MIT","https://github.com/DefinitelyTyped/DefinitelyTyped"
"@types/koa-static@4.0.4","MIT","https://github.com/DefinitelyTyped/DefinitelyTyped"
"@types/koa@2.15.0","MIT","https://github.com/DefinitelyTyped/DefinitelyTyped"
"@types/koa__cors@5.0.0","MIT","https://github.com/DefinitelyTyped/DefinitelyTyped"
"@types/long@4.0.2","MIT","https://github.com/DefinitelyTyped/DefinitelyTyped"
"@types/methods@1.1.4","MIT","https://github.com/DefinitelyTyped/DefinitelyTyped"
"@types/mime@1.3.5","MIT","https://github.com/DefinitelyTyped/DefinitelyTyped"
"@types/node-fetch@2.6.11","MIT","https://github.com/DefinitelyTyped/DefinitelyTyped"
"@types/node@18.19.31","MIT","https://github.com/DefinitelyTyped/DefinitelyTyped"
"@types/node@20.12.7","MIT","https://github.com/DefinitelyTyped/DefinitelyTyped"
"@types/qs@6.9.15","MIT","https://github.com/DefinitelyTyped/DefinitelyTyped"
"@types/range-parser@1.2.7","MIT","https://github.com/DefinitelyTyped/DefinitelyTyped"
"@types/request@2.48.12","MIT","https://github.com/DefinitelyTyped/DefinitelyTyped"
"@types/retry@0.12.0","MIT","https://github.com/DefinitelyTyped/DefinitelyTyped"
"@types/send@0.17.4","MIT","https://github.com/DefinitelyTyped/DefinitelyTyped"
"@types/serve-static@1.15.7","MIT","https://github.com/DefinitelyTyped/DefinitelyTyped"
"@types/superagent@8.1.6","MIT","https://github.com/DefinitelyTyped/DefinitelyTyped"
"@types/swagger-schema-official@2.0.25","MIT","https://github.com/DefinitelyTyped/DefinitelyTyped"
"@types/through@0.0.33","MIT","https://github.com/DefinitelyTyped/DefinitelyTyped"
"@types/tough-cookie@4.0.5","MIT","https://github.com/DefinitelyTyped/DefinitelyTyped"
"@types/triple-beam@1.3.5","MIT","https://github.com/DefinitelyTyped/DefinitelyTyped"
"@types/type-is@1.6.6","MIT","https://github.com/DefinitelyTyped/DefinitelyTyped"
"@types/uuid@9.0.8","MIT","https://github.com/DefinitelyTyped/DefinitelyTyped"
"@ucast/core@1.10.2","Apache-2.0","https://github.com/stalniy/ucast"
"@ucast/js@3.0.4","Apache-2.0","https://github.com/stalniy/ucast"
"@ucast/mongo2js@1.3.4","Apache-2.0","https://github.com/stalniy/ucast"
"@ucast/mongo@2.4.3","Apache-2.0","https://github.com/stalniy/ucast"
"@yarnpkg/lockfile@1.1.0","BSD-2-Clause","https://github.com/yarnpkg/yarn/blob/master/packages/lockfile"
"abbrev@1.1.1","ISC","https://github.com/isaacs/abbrev-js"
"abort-controller@3.0.0","MIT","https://github.com/mysticatea/abort-controller"
"abstract-logging@2.0.1","MIT","https://github.com/jsumners/abstract-logging"
"accepts@1.3.8","MIT","https://github.com/jshttp/accepts"
"agent-base@6.0.2","MIT","https://github.com/TooTallNate/node-agent-base"
"agent-base@7.1.1","MIT","https://github.com/TooTallNate/proxy-agents"
"agentkeepalive@4.5.0","MIT","https://github.com/node-modules/agentkeepalive"
"ajv-formats@2.1.1","MIT","https://github.com/ajv-validator/ajv-formats"
"ajv@6.12.6","MIT","https://github.com/ajv-validator/ajv"
"ajv@8.14.0","MIT","https://github.com/ajv-validator/ajv"
"ansi-colors@4.1.1","MIT","https://github.com/doowb/ansi-colors"
"ansi-escapes@4.3.2","MIT","https://github.com/sindresorhus/ansi-escapes"
"ansi-regex@2.1.1","MIT","https://github.com/chalk/ansi-regex"
"ansi-regex@5.0.1","MIT","https://github.com/chalk/ansi-regex"
"ansi-styles@3.2.1","MIT","https://github.com/chalk/ansi-styles"
"ansi-styles@4.3.0","MIT","https://github.com/chalk/ansi-styles"
"ansi-styles@5.2.0","MIT","https://github.com/chalk/ansi-styles"
"anymatch@3.1.3","ISC","https://github.com/micromatch/anymatch"
"api@0.0.0","UNLICENSED",""
"append-field@1.0.0","MIT","https://github.com/LinusU/node-append-field"
"argparse@1.0.10","MIT","https://github.com/nodeca/argparse"
"argparse@2.0.1","Python-2.0","https://github.com/nodeca/argparse"
"array-buffer-byte-length@1.0.1","MIT","https://github.com/inspect-js/array-buffer-byte-length"
"array-flatten@1.1.1","MIT","https://github.com/blakeembrey/array-flatten"
"arraybuffer.prototype.slice@1.0.3","MIT","https://github.com/es-shims/ArrayBuffer.prototype.slice"
"arrify@2.0.1","MIT","https://github.com/sindresorhus/arrify"
"as-table@1.0.55","MIT","https://github.com/xpl/as-table"
"asap@2.0.6","MIT","https://github.com/kriskowal/asap"
"asn1.js@5.4.1","MIT","https://github.com/indutny/asn1.js"
"assertion-error@2.0.1","MIT","https://github.com/chaijs/assertion-error"
"async-retry@1.3.3","MIT","https://github.com/vercel/async-retry"
"async@3.2.5","MIT","https://github.com/caolan/async"
"asynckit@0.4.0","MIT","https://github.com/alexindigo/asynckit"
"at-least-node@1.0.0","ISC","https://github.com/RyanZim/at-least-node"
"atomic-sleep@1.0.0","MIT","https://github.com/davidmarkclements/atomic-sleep"
"available-typed-arrays@1.0.7","MIT","https://github.com/inspect-js/available-typed-arrays"
"axios@1.6.8","MIT","https://github.com/axios/axios"
"balanced-match@1.0.2","MIT","https://github.com/juliangruber/balanced-match"
"base-64@0.1.0","MIT","https://github.com/mathiasbynens/base64"
"base64-js@1.5.1","MIT","https://github.com/beatgammit/base64-js"
"bcryptjs@2.4.3","MIT","https://github.com/dcodeIO/bcrypt.js"
"bignumber.js@9.1.2","MIT","https://github.com/MikeMcl/bignumber.js"
"binary-extensions@2.3.0","MIT","https://github.com/sindresorhus/binary-extensions"
"binary-search@1.3.6","CC0-1.0","https://github.com/darkskyapp/binary-search"
"bl@4.1.0","MIT","https://github.com/rvagg/bl"
"bluebird@3.7.2","MIT","https://github.com/petkaantonov/bluebird"
"bn.js@4.12.0","MIT","https://github.com/indutny/bn.js"
"body-parser@1.20.2","MIT","https://github.com/expressjs/body-parser"
"brace-expansion@1.1.11","MIT","https://github.com/juliangruber/brace-expansion"
"brace-expansion@2.0.1","MIT","https://github.com/juliangruber/brace-expansion"
"braces@3.0.2","MIT","https://github.com/micromatch/braces"
"brorand@1.1.0","MIT","https://github.com/indutny/brorand"
"browser-stdout@1.3.1","ISC","https://github.com/kumavis/browser-stdout"
"browserslist@4.23.0","MIT","https://github.com/browserslist/browserslist"
"buffer-equal-constant-time@1.0.1","BSD-3-Clause","https://github.com/goinstant/buffer-equal-constant-time"
"buffer-from@1.1.2","MIT","https://github.com/LinusU/buffer-from"
"buffer@5.7.1","MIT","https://github.com/feross/buffer"
"busboy@1.6.0","MIT","https://github.com/mscdex/busboy"
"bytes@3.0.0","MIT","https://github.com/visionmedia/bytes.js"
"bytes@3.1.2","MIT","https://github.com/visionmedia/bytes.js"
"cache-content-type@1.0.1","MIT","https://github.com/node-modules/cache-content-type"
"call-bind@1.0.7","MIT","https://github.com/ljharb/call-bind"
"call-me-maybe@1.0.2","MIT","https://github.com/limulus/call-me-maybe"
"callsites@3.1.0","MIT","https://github.com/sindresorhus/callsites"
"camelcase@2.1.1","MIT","https://github.com/sindresorhus/camelcase"
"camelcase@6.3.0","MIT","https://github.com/sindresorhus/camelcase"
"caniuse-lite@1.0.30001610","CC-BY-4.0","https://github.com/browserslist/caniuse-lite"
"caseless@0.12.0","Apache-2.0","https://github.com/mikeal/caseless"
"chai@5.1.0","MIT","https://github.com/chaijs/chai"
"chalk@2.4.2","MIT","https://github.com/chalk/chalk"
"chalk@4.1.2","MIT","https://github.com/chalk/chalk"
"chalk@5.3.0","MIT","https://github.com/chalk/chalk"
"chardet@0.7.0","MIT","https://github.com/runk/node-chardet"
"charenc@0.0.2","BSD-3-Clause","https://github.com/pvorb/node-charenc"
"charset@1.0.1","MIT","https://github.com/node-modules/charset"
"check-error@2.0.0","MIT","https://github.com/chaijs/check-error"
"chokidar@3.5.3","MIT","https://github.com/paulmillr/chokidar"
"chokidar@3.6.0","MIT","https://github.com/paulmillr/chokidar"
"ci-info@3.9.0","MIT","https://github.com/watson/ci-info"
"cli-cursor@3.1.0","MIT","https://github.com/sindresorhus/cli-cursor"
"cli-spinners@2.9.2","MIT","https://github.com/sindresorhus/cli-spinners"
"cli-width@4.1.0","ISC","https://github.com/knownasilya/cli-width"
"cliui@3.2.0","ISC","https://github.com/yargs/cliui"
"cliui@7.0.4","ISC","https://github.com/yargs/cliui"
"cliui@8.0.1","ISC","https://github.com/yargs/cliui"
"clone@1.0.4","MIT","https://github.com/pvorb/node-clone"
"co-body@6.1.0","MIT","https://github.com/cojs/co-body"
"co@4.6.0","MIT","https://github.com/tj/co"
"code-point-at@1.1.0","MIT","https://github.com/sindresorhus/code-point-at"
"color-convert@1.9.3","MIT","https://github.com/Qix-/color-convert"
"color-convert@2.0.1","MIT","https://github.com/Qix-/color-convert"
"color-name@1.1.3","MIT","https://github.com/dfcreative/color-name"
"color-name@1.1.4","MIT","https://github.com/colorjs/color-name"
"color-string@1.9.1","MIT","https://github.com/Qix-/color-string"
"color@3.2.1","MIT","https://github.com/Qix-/color"
"colorette@2.0.19","MIT","https://github.com/jorgebucaran/colorette"
"colorspace@1.1.4","MIT","https://github.com/3rd-Eden/colorspace"
"combined-stream@1.0.8","MIT","https://github.com/felixge/node-combined-stream"
"commander@10.0.1","MIT","https://github.com/tj/commander.js"
"commander@12.0.0","MIT","https://github.com/tj/commander.js"
"commander@9.5.0","MIT","https://github.com/tj/commander.js"
"compressible@2.0.18","MIT","https://github.com/jshttp/compressible"
"compression@1.7.4","MIT","https://github.com/expressjs/compression"
"compute-gcd@1.2.1","MIT","https://github.com/compute-io/gcd"
"compute-lcm@1.1.2","MIT","https://github.com/compute-io/lcm"
"concat-map@0.0.1","MIT","https://github.com/substack/node-concat-map"
"concat-stream@1.6.2","MIT","https://github.com/maxogden/concat-stream"
"concat-stream@2.0.0","MIT","https://github.com/maxogden/concat-stream"
"concurrently@8.2.2","MIT","https://github.com/open-cli-tools/concurrently"
"config@3.3.11","MIT","https://github.com/node-config/node-config"
"content-disposition@0.5.4","MIT","https://github.com/jshttp/content-disposition"
"content-type@1.0.5","MIT","https://github.com/jshttp/content-type"
"convert-source-map@2.0.0","MIT","https://github.com/thlorenz/convert-source-map"
"cookie-session@2.1.0","MIT","https://github.com/expressjs/cookie-session"
"cookie-signature@1.0.6","MIT","https://github.com/visionmedia/node-cookie-signature"
"cookie-signature@1.2.1","MIT","https://github.com/visionmedia/node-cookie-signature"
"cookie@0.5.0","MIT","https://github.com/jshttp/cookie"
"cookie@0.6.0","MIT","https://github.com/jshttp/cookie"
"cookies@0.9.1","MIT","https://github.com/pillarjs/cookies"
"core-util-is@1.0.3","MIT","https://github.com/isaacs/core-util-is"
"cors@2.8.5","MIT","https://github.com/expressjs/cors"
"cosmiconfig@8.3.6","MIT","https://github.com/cosmiconfig/cosmiconfig"
"crc@3.8.0","MIT","https://github.com/alexgorbatchev/node-crc"
"cross-env@7.0.3","MIT","https://github.com/kentcdodds/cross-env"
"cross-fetch@3.1.8","MIT","https://github.com/lquixada/cross-fetch"
"cross-spawn@7.0.3","MIT","https://github.com/moxystudio/node-cross-spawn"
"crypt@0.0.2","BSD-3-Clause","https://github.com/pvorb/node-crypt"
"data-uri-to-buffer@2.0.2","MIT","https://github.com/TooTallNate/node-data-uri-to-buffer"
"data-uri-to-buffer@4.0.1","MIT","https://github.com/TooTallNate/node-data-uri-to-buffer"
"data-view-buffer@1.0.1","MIT","https://github.com/ljharb/data-view-buffer"
"data-view-byte-length@1.0.1","MIT","https://github.com/ljharb/data-view-byte-length"
"data-view-byte-offset@1.0.0","MIT","https://github.com/ljharb/data-view-byte-offset"
"date-fns@2.30.0","MIT","https://github.com/date-fns/date-fns"
"dauria@2.0.0","MIT","https://github.com/Mithgol/dauria"
"debug@2.6.9","MIT","https://github.com/visionmedia/debug"
"debug@3.2.7","MIT","https://github.com/visionmedia/debug"
"debug@4.3.4","MIT","https://github.com/debug-js/debug"
"decamelize@1.2.0","MIT","https://github.com/sindresorhus/decamelize"
"decamelize@4.0.0","MIT","https://github.com/sindresorhus/decamelize"
"deep-eql@5.0.1","MIT","https://github.com/chaijs/deep-eql"
"deep-equal@1.0.1","MIT","https://github.com/substack/node-deep-equal"
"defaults@1.0.4","MIT","https://github.com/sindresorhus/node-defaults"
"define-data-property@1.1.4","MIT","https://github.com/ljharb/define-data-property"
"define-properties@1.2.1","MIT","https://github.com/ljharb/define-properties"
"delayed-stream@1.0.0","MIT","https://github.com/felixge/node-delayed-stream"
"delegates@1.0.0","MIT","https://github.com/visionmedia/node-delegates"
"depd@1.1.2","MIT","https://github.com/dougwilson/nodejs-depd"
"depd@2.0.0","MIT","https://github.com/dougwilson/nodejs-depd"
"destroy@1.2.0","MIT","https://github.com/stream-utils/destroy"
"dezalgo@1.0.4","ISC","https://github.com/npm/dezalgo"
"diff@5.0.0","BSD-3-Clause","https://github.com/kpdecker/jsdiff"
"digest-fetch@1.3.0","ISC","https://github.com/devfans/digest-fetch"
"domino@2.1.6","BSD-2-Clause","https://github.com/fgnass/domino"
"dot-prop@6.0.1","MIT","https://github.com/sindresorhus/dot-prop"
"dotenv@16.4.5","BSD-2-Clause","https://github.com/motdotla/dotenv"
"duplexify@4.1.3","MIT","https://github.com/mafintosh/duplexify"
"ecdsa-sig-formatter@1.0.11","Apache-2.0","https://github.com/Brightspace/node-ecdsa-sig-formatter"
"ee-first@1.1.1","MIT","https://github.com/jonathanong/ee-first"
"electron-to-chromium@1.4.738","ISC","https://github.com/kilian/electron-to-chromium"
"elliptic@6.5.5","MIT","https://github.com/indutny/elliptic"
"emoji-regex@8.0.0","MIT","https://github.com/mathiasbynens/emoji-regex"
"enabled@2.0.0","MIT","https://github.com/3rd-Eden/enabled"
"encodeurl@1.0.2","MIT","https://github.com/pillarjs/encodeurl"
"end-of-stream@1.4.4","MIT","https://github.com/mafintosh/end-of-stream"
"ent@2.2.0","MIT","https://github.com/substack/node-ent"
"error-ex@1.3.2","MIT","https://github.com/qix-/node-error-ex"
"es-abstract@1.23.3","MIT","https://github.com/ljharb/es-abstract"
"es-define-property@1.0.0","MIT","https://github.com/ljharb/es-define-property"
"es-errors@1.3.0","MIT","https://github.com/ljharb/es-errors"
"es-object-atoms@1.0.0","MIT","https://github.com/ljharb/es-object-atoms"
"es-set-tostringtag@2.0.3","MIT","https://github.com/es-shims/es-set-tostringtag"
"es-to-primitive@1.2.1","MIT","https://github.com/ljharb/es-to-primitive"
"esbuild@0.19.12","MIT","https://github.com/evanw/esbuild"
"escalade@3.1.2","MIT","https://github.com/lukeed/escalade"
"escape-html@1.0.3","MIT","https://github.com/component/escape-html"
"escape-string-regexp@1.0.5","MIT","https://github.com/sindresorhus/escape-string-regexp"
"escape-string-regexp@4.0.0","MIT","https://github.com/sindresorhus/escape-string-regexp"
"esm@3.2.25","MIT","https://github.com/standard-things/esm"
"esprima@4.0.1","BSD-2-Clause","https://github.com/jquery/esprima"
"etag@1.8.1","MIT","https://github.com/jshttp/etag"
"event-target-shim@5.0.1","MIT","https://github.com/mysticatea/event-target-shim"
"eventemitter3@4.0.7","MIT","https://github.com/primus/eventemitter3"
"eventid@2.0.1","Apache-2.0","https://github.com/google/eventid-js"
"events@3.3.0","MIT","https://github.com/Gozala/events"
"expr-eval@2.0.2","MIT","https://github.com/silentmatt/expr-eval"
"express@4.19.2","MIT","https://github.com/expressjs/express"
"extend@3.0.2","MIT","https://github.com/justmoon/node-extend"
"external-editor@3.1.0","MIT","https://github.com/mrkmg/node-external-editor"
"fast-deep-equal@3.1.3","MIT","https://github.com/epoberezkin/fast-deep-equal"
"fast-equals@5.0.1","MIT","https://github.com/planttheidea/fast-equals"
"fast-json-stable-stringify@2.1.0","MIT","https://github.com/epoberezkin/fast-json-stable-stringify"
"fast-redact@3.5.0","MIT","https://github.com/davidmarkclements/fast-redact"
"fast-safe-stringify@2.1.1","MIT","https://github.com/davidmarkclements/fast-safe-stringify"
"fast-xml-parser@4.3.6","MIT","https://github.com/NaturalIntelligence/fast-xml-parser"
"fastestsmallesttextencoderdecoder@1.0.22","CC0-1.0","https://github.com/anonyco/FastestSmallestTextEncoderDecoder"
"feathers-blob@2.6.0","MIT","https://github.com/feathersjs-ecosystem/feathers-blob"
"feathers-casl@2.1.2","MIT","https://github.com/fratzinger/feathers-casl"
"feathers-hooks-common@8.1.2","MIT","https://github.com/feathersjs-ecosystem/feathers-hooks-common"
"feathers-oas@0.0.2","MIT","https://github.com/jamesvillarrubia/feathers-oas"
"feathers-rpc@1.0.5","MIT","https://github.com/jamesvillarrubia/feathers-rpc"
"feathers-utils@3.1.3","MIT","https://github.com/fratzinger/feathers-utils"
"fecha@4.2.3","MIT","git+https://taylorhakes@github.com/taylorhakes/fecha"
"fetch-blob@3.2.0","MIT","https://github.com/node-fetch/fetch-blob"
"figures@2.0.0","MIT","https://github.com/sindresorhus/figures"
"file-type@3.9.0","MIT","https://github.com/sindresorhus/file-type"
"fill-range@7.0.1","MIT","https://github.com/jonschlinkert/fill-range"
"finalhandler@1.2.0","MIT","https://github.com/pillarjs/finalhandler"
"find-up@2.1.0","MIT","https://github.com/sindresorhus/find-up"
"find-up@5.0.0","MIT","https://github.com/sindresorhus/find-up"
"find-yarn-workspace-root@2.0.0","Apache-2.0","https://github.com/square/find-yarn-workspace-root"
"fix-esm@1.0.1","WTFPL OR CC0-1.0","https://git.cryto.net/joepie91/fix-esm"
"flat@5.0.2","BSD-3-Clause","https://github.com/hughsk/flat"
"flat@6.0.1","BSD-3-Clause","https://github.com/hughsk/flat"
"flatstr@1.0.12","MIT","https://github.com/davidmarkclements/flatstr"
"fmtconv@1.1.0","Apache-2.0","https://github.com/WindomZ/fmtconv"
"fn.name@1.1.0","MIT","https://github.com/3rd-Eden/fn.name"
"fnv-plus@1.3.1","MIT","https://github.com/tjwebb/fnv-plus"
"follow-redirects@1.15.6","MIT","https://github.com/follow-redirects/follow-redirects"
"for-each@0.3.3","MIT","https://github.com/Raynos/for-each"
"foreach@2.0.6","MIT","https://github.com/manuelstofer/foreach"
"form-data-encoder@1.7.2","MIT","https://github.com/octet-stream/form-data-encoder"
"form-data@2.5.1","MIT","https://github.com/form-data/form-data"
"form-data@4.0.0","MIT","https://github.com/form-data/form-data"
"format-util@1.0.5","MIT","https://github.com/tmpfs/format-util"
"formdata-node@4.4.1","MIT","https://github.com/octet-stream/form-data"
"formdata-polyfill@4.0.10","MIT","git+https://jimmywarting@github.com/jimmywarting/FormData"
"formidable@2.1.2","MIT","https://github.com/node-formidable/formidable"
"forwarded@0.2.0","MIT","https://github.com/jshttp/forwarded"
"fp-ts@2.16.5","MIT","https://github.com/gcanti/fp-ts"
"fresh@0.5.2","MIT","https://github.com/jshttp/fresh"
"from2@2.3.0","MIT","https://github.com/hughsk/from2"
"fs-blob-store@6.0.0","MIT","https://github.com/mafintosh/fs-blob-store"
"fs-extra@9.1.0","MIT","https://github.com/jprichardson/node-fs-extra"
"fs.realpath@1.0.0","ISC","https://github.com/isaacs/fs.realpath"
"fsevents@2.3.3","MIT","https://github.com/fsevents/fsevents"
"function-bind@1.1.2","MIT","https://github.com/Raynos/function-bind"
"function.prototype.name@1.1.6","MIT","https://github.com/es-shims/Function.prototype.name"
"functions-have-names@1.2.3","MIT","https://github.com/inspect-js/functions-have-names"
"gaxios@6.5.0","Apache-2.0","https://github.com/googleapis/gaxios"
"gcp-metadata@6.1.0","Apache-2.0","https://github.com/googleapis/gcp-metadata"
"gensync@1.0.0-beta.2","MIT","https://github.com/loganfsmyth/gensync"
"get-caller-file@2.0.5","ISC","https://github.com/stefanpenner/get-caller-file"
"get-func-name@2.0.2","MIT","https://github.com/chaijs/get-func-name"
"get-intrinsic@1.2.4","MIT","https://github.com/ljharb/get-intrinsic"
"get-package-type@0.1.0","MIT","https://github.com/cfware/get-package-type"
"get-source@2.0.12","Unlicense","https://github.com/xpl/get-source"
"get-symbol-description@1.0.2","MIT","https://github.com/inspect-js/get-symbol-description"
"get-tsconfig@4.7.3","MIT","https://github.com/privatenumber/get-tsconfig"
"getopts@2.3.0","MIT","https://github.com/jorgebucaran/getopts"
"glob-parent@5.1.2","ISC","https://github.com/gulpjs/glob-parent"
"glob@7.2.3","ISC","https://github.com/isaacs/node-glob"
"glob@8.1.0","ISC","https://github.com/isaacs/node-glob"
"globals@11.12.0","MIT","https://github.com/sindresorhus/globals"
"globalthis@1.0.3","MIT","https://github.com/ljharb/System.global"
"google-auth-library@9.8.0","Apache-2.0","https://github.com/googleapis/google-auth-library-nodejs"
"google-gax@4.3.2","Apache-2.0","https://github.com/googleapis/gax-nodejs"
"gopd@1.0.1","MIT","https://github.com/ljharb/gopd"
"graceful-fs@4.2.11","ISC","https://github.com/isaacs/node-graceful-fs"
"grant@5.4.22","MIT","https://github.com/simov/grant"
"graphql@16.8.1","MIT","https://github.com/graphql/graphql-js"
"gtoken@7.1.0","MIT","https://github.com/google/node-gtoken"
"handler-agent@0.2.0","MIT","https://github.com/qix-/handler-agent"
"has-bigints@1.0.2","MIT","https://github.com/ljharb/has-bigints"
"has-flag@3.0.0","MIT","https://github.com/sindresorhus/has-flag"
"has-flag@4.0.0","MIT","https://github.com/sindresorhus/has-flag"
"has-property-descriptors@1.0.2","MIT","https://github.com/inspect-js/has-property-descriptors"
"has-proto@1.0.3","MIT","https://github.com/inspect-js/has-proto"
"has-symbols@1.0.3","MIT","https://github.com/inspect-js/has-symbols"
"has-tostringtag@1.0.2","MIT","https://github.com/inspect-js/has-tostringtag"
"hash.js@1.1.7","MIT","https://github.com/indutny/hash.js"
"hasown@2.0.2","MIT","https://github.com/inspect-js/hasOwn"
"he@1.2.0","MIT","https://github.com/mathiasbynens/he"
"hexoid@1.0.0","MIT","https://github.com/lukeed/hexoid"
"hmac-drbg@1.0.1","MIT","https://github.com/indutny/hmac-drbg"
"http-assert@1.5.0","MIT","https://github.com/jshttp/http-assert"
"http-errors@1.6.3","MIT","https://github.com/jshttp/http-errors"
"http-errors@1.8.1","MIT","https://github.com/jshttp/http-errors"
"http-errors@2.0.0","MIT","https://github.com/jshttp/http-errors"
"http-proxy-agent@5.0.0","MIT","https://github.com/TooTallNate/node-http-proxy-agent"
"http-reasons@0.1.0","Apache-2.0","https://github.com/postmanlabs/http-reasons"
"https-proxy-agent@5.0.1","MIT","https://github.com/TooTallNate/node-https-proxy-agent"
"https-proxy-agent@7.0.4","MIT","https://github.com/TooTallNate/proxy-agents"
"humanize-ms@1.2.1","MIT","https://github.com/node-modules/humanize-ms"
"iconv-lite@0.4.24","MIT","https://github.com/ashtuchkin/iconv-lite"
"iconv-lite@0.6.3","MIT","https://github.com/ashtuchkin/iconv-lite"
"ieee754@1.2.1","BSD-3-Clause","https://github.com/feross/ieee754"
"ignore-by-default@1.0.1","ISC","https://github.com/novemberborn/ignore-by-default"
"import-fresh@3.3.0","MIT","https://github.com/sindresorhus/import-fresh"
"inflation@2.1.0","MIT","https://github.com/stream-utils/inflation"
"inflight@1.0.6","ISC","https://github.com/npm/inflight"
"inherits@2.0.3","ISC","https://github.com/isaacs/inherits"
"inherits@2.0.4","ISC","https://github.com/isaacs/inherits"
"inquirer@9.2.19","MIT","https://github.com/SBoudrias/Inquirer.js"
"internal-slot@1.0.7","MIT","https://github.com/ljharb/internal-slot"
"interpret@2.2.0","MIT","https://github.com/gulpjs/interpret"
"invert-kv@1.0.0","MIT","https://github.com/sindresorhus/invert-kv"
"io-ts@2.2.21","MIT","https://github.com/gcanti/io-ts"
"ipaddr.js@1.9.1","MIT","https://github.com/whitequark/ipaddr.js"
"is-any-array@2.0.1","MIT","https://github.com/cheminfo-js/is-any-array"
"is-array-buffer@3.0.4","MIT","https://github.com/inspect-js/is-array-buffer"
"is-arrayish@0.2.1","MIT","https://github.com/qix-/node-is-arrayish"
"is-arrayish@0.3.2","MIT","https://github.com/qix-/node-is-arrayish"
"is-bigint@1.0.4","MIT","https://github.com/inspect-js/is-bigint"
"is-binary-path@2.1.0","MIT","https://github.com/sindresorhus/is-binary-path"
"is-boolean-object@1.1.2","MIT","https://github.com/inspect-js/is-boolean-object"
"is-buffer@1.1.6","MIT","https://github.com/feross/is-buffer"
"is-callable@1.2.7","MIT","https://github.com/inspect-js/is-callable"
"is-class-hotfix@0.0.6","MIT","https://github.com/miguelmota/is-class"
"is-core-module@2.13.1","MIT","https://github.com/inspect-js/is-core-module"
"is-data-view@1.0.1","MIT","https://github.com/inspect-js/is-data-view"
"is-date-object@1.0.5","MIT","https://github.com/inspect-js/is-date-object"
"is-docker@2.2.1","MIT","https://github.com/sindresorhus/is-docker"
"is-extglob@2.1.1","MIT","https://github.com/jonschlinkert/is-extglob"
"is-fullwidth-code-point@1.0.0","MIT","https://github.com/sindresorhus/is-fullwidth-code-point"
"is-fullwidth-code-point@3.0.0","MIT","https://github.com/sindresorhus/is-fullwidth-code-point"
"is-generator-function@1.0.10","MIT","https://github.com/inspect-js/is-generator-function"
"is-glob@4.0.3","MIT","https://github.com/micromatch/is-glob"
"is-interactive@1.0.0","MIT","https://github.com/sindresorhus/is-interactive"
"is-negative-zero@2.0.3","MIT","https://github.com/inspect-js/is-negative-zero"
"is-number-object@1.0.7","MIT","https://github.com/inspect-js/is-number-object"
"is-number@7.0.0","MIT","https://github.com/jonschlinkert/is-number"
"is-obj@2.0.0","MIT","https://github.com/sindresorhus/is-obj"
"is-plain-obj@2.1.0","MIT","https://github.com/sindresorhus/is-plain-obj"
"is-regex@1.1.4","MIT","https://github.com/inspect-js/is-regex"
"is-shared-array-buffer@1.0.3","MIT","https://github.com/inspect-js/is-shared-array-buffer"
"is-stream@2.0.1","MIT","https://github.com/sindresorhus/is-stream"
"is-string@1.0.7","MIT","https://github.com/ljharb/is-string"
"is-symbol@1.0.4","MIT","https://github.com/inspect-js/is-symbol"
"is-type-of@1.4.0","MIT","https://github.com/node-modules/is-type-of"
"is-typed-array@1.1.13","MIT","https://github.com/inspect-js/is-typed-array"
"is-unicode-supported@0.1.0","MIT","https://github.com/sindresorhus/is-unicode-supported"
"is-weakref@1.0.2","MIT","https://github.com/inspect-js/is-weakref"
"is-wsl@2.2.0","MIT","https://github.com/sindresorhus/is-wsl"
"isarray@1.0.0","MIT","https://github.com/juliangruber/isarray"
"isarray@2.0.5","MIT","https://github.com/juliangruber/isarray"
"isexe@2.0.0","ISC","https://github.com/isaacs/isexe"
"isomorphic-fetch@3.0.0","MIT","https://github.com/matthew-andrews/isomorphic-fetch"
"isstream@0.1.2","MIT","https://github.com/rvagg/isstream"
"js-tiktoken@1.0.11","MIT","https://github.com/dqbd/tiktoken"
"js-tokens@4.0.0","MIT","https://github.com/lydell/js-tokens"
"js-yaml@3.14.1","MIT","https://github.com/nodeca/js-yaml"
"js-yaml@4.1.0","MIT","https://github.com/nodeca/js-yaml"
"jsesc@2.5.2","MIT","https://github.com/mathiasbynens/jsesc"
"json-bigint@1.0.0","MIT","https://github.com/sidorares/json-bigint"
"json-parse-better-errors@1.0.2","MIT","https://github.com/zkat/json-parse-better-errors"
"json-parse-even-better-errors@2.3.1","MIT","https://github.com/npm/json-parse-even-better-errors"
"json-pointer@0.6.2","MIT","https://github.com/manuelstofer/json-pointer"
"json-promise@1.1.8","MIT","https://github.com/kirk7880/json-promise"
"json-schema-compare@0.2.2","MIT","https://github.com/mokkabonna/json-schema-compare"
"json-schema-faker@0.5.3","MIT","https://github.com/json-schema-faker/json-schema-faker"
"json-schema-ref-parser@6.1.0","MIT","https://github.com/APIDevTools/json-schema-ref-parser"
"json-schema-to-ts@3.0.1","MIT","https://github.com/ThomasAribart/json-schema-to-ts"
"json-schema-traverse@0.4.1","MIT","https://github.com/epoberezkin/json-schema-traverse"
"json-schema-traverse@1.0.0","MIT","https://github.com/epoberezkin/json-schema-traverse"
"json-stable-stringify@1.1.1","MIT","https://github.com/ljharb/json-stable-stringify"
"json5@2.2.3","MIT","https://github.com/json5/json5"
"jsonc-parser@2.2.1","MIT","https://github.com/microsoft/node-jsonc-parser"
"jsonfile@2.4.0","MIT","https://github.com/jprichardson/node-jsonfile"
"jsonfile@6.1.0","MIT","https://github.com/jprichardson/node-jsonfile"
"jsonify@0.0.1","Public Domain","https://github.com/ljharb/jsonify"
"jsonpath-plus@7.2.0","MIT","https://github.com/s3u/JSONPath"
"jsonpointer@5.0.1","MIT","https://github.com/janl/node-jsonpointer"
"jsonwebtoken@9.0.2","MIT","https://github.com/auth0/node-jsonwebtoken"
"jwa@1.4.1","MIT","https://github.com/brianloveswords/node-jwa"
"jwa@2.0.0","MIT","https://github.com/brianloveswords/node-jwa"
"jwk-to-pem@2.0.5","Apache-2.0","https://github.com/Brightspace/node-jwk-to-pem"
"jws@3.2.2","MIT","https://github.com/brianloveswords/node-jws"
"jws@4.0.0","MIT","https://github.com/brianloveswords/node-jws"
"keygrip@1.1.0","MIT","https://github.com/crypto-utils/keygrip"
"klaw-sync@6.0.0","MIT","https://github.com/manidlou/node-klaw-sync"
"knex@3.1.0","MIT","https://github.com/knex/knex"
"koa-body@6.0.1","MIT","https://github.com/koajs/koa-body"
"koa-compose@4.1.0","MIT","https://github.com/koajs/compose"
"koa-convert@2.0.0","MIT","https://github.com/gyson/koa-convert"
"koa-mount@4.0.0","MIT","https://github.com/koajs/mount"
"koa-qs@3.0.0","MIT","https://github.com/koajs/qs"
"koa-send@5.0.1","MIT","https://github.com/koajs/send"
"koa-session@6.4.0","MIT","https://github.com/koajs/session"
"koa-static@5.0.0","MIT","https://github.com/koajs/static"
"koa@2.15.3","MIT","https://github.com/koajs/koa"
"kuler@2.0.0","MIT","https://github.com/3rd-Eden/kuler"
"langchain@0.1.33","MIT","https://github.com/langchain-ai/langchainjs"
"langchainhub@0.0.8","MIT",""
"langsmith@0.1.14","MIT","https://github.com/langchain-ai/langsmith-sdk"
"lcid@1.0.0","MIT","https://github.com/sindresorhus/lcid"
"lines-and-columns@1.2.4","MIT","https://github.com/eventualbuddha/lines-and-columns"
"liquid-json@0.3.1","Apache-2.0","https://github.com/postmanlabs/liquid-json"
"load-json-file@4.0.0","MIT","https://github.com/sindresorhus/load-json-file"
"locate-path@2.0.0","MIT","https://github.com/sindresorhus/locate-path"
"locate-path@6.0.0","MIT","https://github.com/sindresorhus/locate-path"
"lodash.camelcase@4.3.0","MIT","https://github.com/lodash/lodash"
"lodash.includes@4.3.0","MIT","https://github.com/lodash/lodash"
"lodash.isboolean@3.0.3","MIT","https://github.com/lodash/lodash"
"lodash.isinteger@4.0.4","MIT","https://github.com/lodash/lodash"
"lodash.isnumber@3.0.3","MIT","https://github.com/lodash/lodash"
"lodash.isplainobject@4.0.6","MIT","https://github.com/lodash/lodash"
"lodash.isstring@4.0.1","MIT","https://github.com/lodash/lodash"
"lodash.mapvalues@4.6.0","MIT","https://github.com/lodash/lodash"
"lodash.once@4.1.1","MIT","https://github.com/lodash/lodash"
"lodash@4.17.21","MIT","https://github.com/lodash/lodash"
"log-symbols@4.1.0","MIT","https://github.com/sindresorhus/log-symbols"
"logform@2.6.0","MIT","https://github.com/winstonjs/logform"
"long-timeout@0.1.1","MIT","https://github.com/tellnes/long-timeout"
"long@5.2.3","Apache-2.0","https://github.com/dcodeIO/long.js"
"loupe@3.1.0","MIT","https://github.com/chaijs/loupe"
"lru-cache@5.1.1","ISC","https://github.com/isaacs/node-lru-cache"
"lru-cache@6.0.0","ISC","https://github.com/isaacs/node-lru-cache"
"md5@2.3.0","BSD-3-Clause","https://github.com/pvorb/node-md5"
"media-typer@0.3.0","MIT","https://github.com/jshttp/media-typer"
"merge-descriptors@1.0.1","MIT","https://github.com/component/merge-descriptors"
"merge-descriptors@1.0.3","MIT","https://github.com/sindresorhus/merge-descriptors"
"methods@1.1.2","MIT","https://github.com/jshttp/methods"
"micri@4.5.1","MIT","https://github.com/turist-cloud/micri"
"micromatch@4.0.5","MIT","https://github.com/micromatch/micromatch"
"mime-db@1.52.0","MIT","https://github.com/jshttp/mime-db"
"mime-format@2.0.1","Apache-2.0","https://github.com/postmanlabs/mime-format"
"mime-types@2.1.35","MIT","https://github.com/jshttp/mime-types"
"mime@1.6.0","MIT","https://github.com/broofa/node-mime"
"mime@3.0.0","MIT","https://github.com/broofa/mime"
"mimic-fn@2.1.0","MIT","https://github.com/sindresorhus/mimic-fn"
"minimalistic-assert@1.0.1","ISC","https://github.com/calvinmetcalf/minimalistic-assert"
"minimalistic-crypto-utils@1.0.1","MIT","https://github.com/indutny/minimalistic-crypto-utils"
"minimatch@3.1.2","ISC","https://github.com/isaacs/minimatch"
"minimatch@5.0.1","ISC","https://github.com/isaacs/minimatch"
"minimist@1.2.6","MIT","https://github.com/substack/minimist"
"minimist@1.2.8","MIT","https://github.com/minimistjs/minimist"
"mkdirp-classic@0.5.3","MIT","https://github.com/mafintosh/mkdirp-classic"
"mkdirp@0.5.6","MIT","https://github.com/substack/node-mkdirp"
"ml-array-mean@1.1.6","MIT","https://github.com/mljs/array"
"ml-array-sum@1.1.6","MIT","https://github.com/mljs/array"
"ml-distance-euclidean@2.0.0","MIT","https://github.com/mljs/distance-euclidean"
"ml-distance@4.0.1","MIT","https://github.com/mljs/distance"
"ml-tree-similarity@1.0.0","MIT","https://github.com/mljs/tree-similarity"
"mocha@10.4.0","MIT","https://github.com/mochajs/mocha"
"ms@2.0.0","MIT","https://github.com/zeit/ms"
"ms@2.1.2","MIT","https://github.com/zeit/ms"
"ms@2.1.3","MIT","https://github.com/vercel/ms"
"multer@1.4.5-lts.1","MIT","https://github.com/expressjs/multer"
"mustache@4.2.0","MIT","https://github.com/janl/mustache.js"
"mute-stream@1.0.0","ISC","https://github.com/npm/mute-stream"
"negotiator@0.6.3","MIT","https://github.com/jshttp/negotiator"
"node-abort-controller@3.1.1","MIT","https://github.com/southpolesteve/node-abort-controller"
"node-domexception@1.0.0","MIT","https://github.com/jimmywarting/node-domexception"
"node-fetch@2.7.0","MIT","https://github.com/bitinn/node-fetch"
"node-fetch@3.3.2","MIT","https://github.com/node-fetch/node-fetch"
"node-releases@2.0.14","MIT","https://github.com/chicoxyzzy/node-releases"
"nodemon@3.1.0","MIT","https://github.com/remy/nodemon"
"nopt@1.0.10","MIT","https://github.com/isaacs/nopt"
"normalize-path@3.0.0","MIT","https://github.com/jonschlinkert/normalize-path"
"npm-add-script@1.1.0","MIT","https://github.com/coleww/npm-add-script"
"num-sort@2.1.0","MIT","https://github.com/sindresorhus/num-sort"
"number-is-nan@1.0.1","MIT","https://github.com/sindresorhus/number-is-nan"
"oauth-sign@0.9.0","Apache-2.0","https://github.com/mikeal/oauth-sign"
"object-assign@4.1.1","MIT","https://github.com/sindresorhus/object-assign"
"object-hash@3.0.0","MIT","https://github.com/puleos/object-hash"
"object-inspect@1.13.1","MIT","https://github.com/inspect-js/object-inspect"
"object-keys@1.1.1","MIT","https://github.com/ljharb/object-keys"
"object.assign@4.1.5","MIT","https://github.com/ljharb/object.assign"
"on-finished@2.4.1","MIT","https://github.com/jshttp/on-finished"
"on-headers@1.0.2","MIT","https://github.com/jshttp/on-headers"
"once@1.4.0","ISC","https://github.com/isaacs/once"
"one-time@1.0.0","MIT","https://github.com/3rd-Eden/one-time"
"onetime@5.1.2","MIT","https://github.com/sindresorhus/onetime"
"only@0.0.2","MIT*","https://github.com/visionmedia/node-only"
"ono@4.0.11","MIT","https://github.com/JS-DevTools/ono"
"open@7.4.2","MIT","https://github.com/sindresorhus/open"
"openai@4.37.0","Apache-2.0","https://github.com/openai/openai-node"
"openapi-types@12.1.3","MIT","https://github.com/kogosoftwarellc/open-api/tree/master/packages/openapi-types"
"openapi3-ts@2.0.2","MIT","https://github.com/metadevpro/openapi3-ts"
"ora@5.4.1","MIT","https://github.com/sindresorhus/ora"
"os-locale@1.4.0","MIT","https://github.com/sindresorhus/os-locale"
"os-tmpdir@1.0.2","MIT","https://github.com/sindresorhus/os-tmpdir"
"p-finally@1.0.0","MIT","https://github.com/sindresorhus/p-finally"
"p-limit@1.3.0","MIT","https://github.com/sindresorhus/p-limit"
"p-limit@3.1.0","MIT","https://github.com/sindresorhus/p-limit"
"p-locate@2.0.0","MIT","https://github.com/sindresorhus/p-locate"
"p-locate@5.0.0","MIT","https://github.com/sindresorhus/p-locate"
"p-map@7.0.2","MIT","https://github.com/sindresorhus/p-map"
"p-queue@6.6.2","MIT","https://github.com/sindresorhus/p-queue"
"p-retry@4.6.2","MIT","https://github.com/sindresorhus/p-retry"
"p-timeout@3.2.0","MIT","https://github.com/sindresorhus/p-timeout"
"p-try@1.0.0","MIT","https://github.com/sindresorhus/p-try"
"parent-module@1.0.1","MIT","https://github.com/sindresorhus/parent-module"
"parse-json@4.0.0","MIT","https://github.com/sindresorhus/parse-json"
"parse-json@5.2.0","MIT","https://github.com/sindresorhus/parse-json"
"parse-multipart-data@1.5.0","MIT","https://github.com/nachomazzara/parse-multipart-data"
"parse-prefer-header@1.0.0","MIT","https://github.com/ppaskaris/node-parse-prefer-header"
"parseurl@1.3.3","MIT","https://github.com/pillarjs/parseurl"
"patch-package@8.0.0","MIT","https://github.com/ds300/patch-package"
"path-exists@3.0.0","MIT","https://github.com/sindresorhus/path-exists"
"path-exists@4.0.0","MIT","https://github.com/sindresorhus/path-exists"
"path-is-absolute@1.0.1","MIT","https://github.com/sindresorhus/path-is-absolute"
"path-key@3.1.1","MIT","https://github.com/sindresorhus/path-key"
"path-parse@1.0.7","MIT","https://github.com/jbgutierrez/path-parse"
"path-to-regexp@0.1.7","MIT","https://github.com/component/path-to-regexp"
"path-type@4.0.0","MIT","https://github.com/sindresorhus/path-type"
"pathval@2.0.0","MIT","https://github.com/chaijs/pathval"
"pg-cloudflare@1.1.1","MIT","https://github.com/brianc/node-postgres"
"pg-connection-string@2.6.2","MIT","https://github.com/brianc/node-postgres"
"pg-connection-string@2.6.4","MIT","https://github.com/brianc/node-postgres"
"pg-int8@1.0.1","ISC","https://github.com/charmander/pg-int8"
"pg-pool@3.6.2","MIT","https://github.com/brianc/node-postgres"
"pg-protocol@1.6.1","MIT","https://github.com/brianc/node-postgres"
"pg-types@2.2.0","MIT","https://github.com/brianc/node-pg-types"
"pg@8.11.5","MIT","https://github.com/brianc/node-postgres"
"pgpass@1.0.5","MIT","https://github.com/hoegaarden/pgpass"
"pgvector@0.1.8","MIT","https://github.com/pgvector/pgvector-node"
"picocolors@1.0.0","ISC","https://github.com/alexeyraspopov/picocolors"
"picomatch@2.3.1","MIT","https://github.com/micromatch/picomatch"
"pify@3.0.0","MIT","https://github.com/sindresorhus/pify"
"pino-std-serializers@3.2.0","MIT","https://github.com/pinojs/pino-std-serializers"
"pino@6.14.0","MIT","https://github.com/pinojs/pino"
"pkg-conf@2.1.0","MIT","https://github.com/sindresorhus/pkg-conf"
"pluralize@8.0.0","MIT","https://github.com/blakeembrey/pluralize"
"possible-typed-array-names@1.0.0","MIT","https://github.com/ljharb/possible-typed-array-names"
"postgres-array@2.0.0","MIT","https://github.com/bendrucker/postgres-array"
"postgres-bytea@1.0.0","MIT","https://github.com/bendrucker/postgres-bytea"
"postgres-date@1.0.7","MIT","https://github.com/bendrucker/postgres-date"
"postgres-interval@1.2.0","MIT","https://github.com/bendrucker/postgres-interval"
"postman-collection@4.4.0","Apache-2.0","https://github.com/postmanlabs/postman-collection"
"postman-url-encoder@3.0.5","Apache-2.0","https://github.com/postmanlabs/postman-url-encoder"
"prettier@3.2.5","MIT","https://github.com/prettier/prettier"
"pretty-data@0.40.0","MIT","https://github.com/vkiryukhin/pretty-data"
"printable-characters@1.0.42","Unlicense","https://github.com/xpl/printable-characters"
"prism@1.0.0","ISC",""
"process-nextick-args@2.0.1","MIT","https://github.com/calvinmetcalf/process-nextick-args"
"process-warning@1.0.0","MIT","https://github.com/fastify/processs-warning"
"proto3-json-serializer@2.0.1","Apache-2.0","https://github.com/googleapis/proto3-json-serializer-nodejs"
"protobufjs@7.2.6","BSD-3-Clause","https://github.com/protobufjs/protobuf.js"
"proxy-addr@2.0.7","MIT","https://github.com/jshttp/proxy-addr"
"proxy-from-env@1.1.0","MIT","https://github.com/Rob--W/proxy-from-env"
"pstree.remy@1.1.8","MIT","https://github.com/remy/pstree"
"pump@3.0.0","MIT","https://github.com/mafintosh/pump"
"pumpify@2.0.1","MIT","https://github.com/mafintosh/pumpify"
"punycode@2.3.1","MIT","https://github.com/mathiasbynens/punycode.js"
"qs@6.11.0","BSD-3-Clause","https://github.com/ljharb/qs"
"qs@6.12.1","BSD-3-Clause","https://github.com/ljharb/qs"
"quick-format-unescaped@4.0.4","MIT","https://github.com/davidmarkclements/quick-format"
"randombytes@2.1.0","MIT","https://github.com/crypto-browserify/randombytes"
"range-parser@1.2.1","MIT","https://github.com/jshttp/range-parser"
"raw-body@2.5.2","MIT","https://github.com/stream-utils/raw-body"
"readable-stream@2.3.8","MIT","https://github.com/nodejs/readable-stream"
"readable-stream@3.6.2","MIT","https://github.com/nodejs/readable-stream"
"readdirp@3.6.0","MIT","https://github.com/paulmillr/readdirp"
"rechoir@0.8.0","MIT","https://github.com/gulpjs/rechoir"
"regenerator-runtime@0.14.1","MIT","https://github.com/facebook/regenerator/tree/main/packages/runtime"
"regexp.prototype.flags@1.5.2","MIT","https://github.com/es-shims/RegExp.prototype.flags"
"request-compose@2.1.6","Apache-2.0","https://github.com/simov/request-compose"
"request-oauth@1.0.1","Apache-2.0","https://github.com/simov/request-oauth"
"require-directory@2.1.1","MIT","https://github.com/troygoode/node-require-directory"
"require-from-string@2.0.2","MIT","https://github.com/floatdrop/require-from-string"
"resolve-from@4.0.0","MIT","https://github.com/sindresorhus/resolve-from"
"resolve-from@5.0.0","MIT","https://github.com/sindresorhus/resolve-from"
"resolve-path@1.4.0","MIT","https://github.com/pillarjs/resolve-path"
"resolve-pkg-maps@1.0.0","MIT","https://github.com/privatenumber/resolve-pkg-maps"
"resolve@1.22.8","MIT","https://github.com/browserify/resolve"
"restore-cursor@3.1.0","MIT","https://github.com/sindresorhus/restore-cursor"
"retry-request@7.0.2","MIT","https://github.com/stephenplusplus/retry-request"
"retry@0.13.1","MIT","https://github.com/tim-kos/node-retry"
"rimraf@2.7.1","ISC","https://github.com/isaacs/rimraf"
"run-async@3.0.0","MIT","https://github.com/SBoudrias/run-async"
"rxjs@7.8.1","Apache-2.0","https://github.com/reactivex/rxjs"
"safe-array-concat@1.1.2","MIT","https://github.com/ljharb/safe-array-concat"
"safe-buffer@5.1.2","MIT","https://github.com/feross/safe-buffer"
"safe-buffer@5.2.1","MIT","https://github.com/feross/safe-buffer"
"safe-regex-test@1.0.3","MIT","https://github.com/ljharb/safe-regex-test"
"safe-stable-stringify@1.1.1","MIT","https://github.com/BridgeAR/safe-stable-stringify"
"safe-stable-stringify@2.4.3","MIT","https://github.com/BridgeAR/safe-stable-stringify"
"safer-buffer@2.1.2","MIT","https://github.com/ChALkeR/safer-buffer"
"semver@6.3.1","ISC","https://github.com/npm/node-semver"
"semver@7.5.4","ISC","https://github.com/npm/node-semver"
"semver@7.6.0","ISC","https://github.com/npm/node-semver"
"send@0.18.0","MIT","https://github.com/pillarjs/send"
"serialize-javascript@6.0.0","BSD-3-Clause","https://github.com/yahoo/serialize-javascript"
"serve-static@1.15.0","MIT","https://github.com/expressjs/serve-static"
"ses@1.4.1","Apache-2.0","https://github.com/endojs/endo"
"set-function-length@1.2.2","MIT","https://github.com/ljharb/set-function-length"
"set-function-name@2.0.2","MIT","https://github.com/ljharb/set-function-name"
"setprototypeof@1.1.0","ISC","https://github.com/wesleytodd/setprototypeof"
"setprototypeof@1.2.0","ISC","https://github.com/wesleytodd/setprototypeof"
"shebang-command@2.0.0","MIT","https://github.com/kevva/shebang-command"
"shebang-regex@3.0.0","MIT","https://github.com/sindresorhus/shebang-regex"
"shell-quote@1.8.1","MIT","https://github.com/ljharb/shell-quote"
"side-channel@1.0.6","MIT","https://github.com/ljharb/side-channel"
"signal-exit@3.0.7","ISC","https://github.com/tapjs/signal-exit"
"signale@1.4.0","MIT","https://github.com/klaussinani/signale"
"simple-swizzle@0.2.2","MIT","https://github.com/qix-/node-simple-swizzle"
"simple-update-notifier@2.0.0","MIT","https://github.com/alexbrazier/simple-update-notifier"
"slash@2.0.0","MIT","https://github.com/sindresorhus/slash"
"sonic-boom@1.4.1","MIT","https://github.com/mcollina/sonic-boom"
"source-map@0.5.7","BSD-3-Clause","https://github.com/mozilla/source-map"
"source-map@0.6.1","BSD-3-Clause","https://github.com/mozilla/source-map"
"spawn-command@0.0.2","MIT*",""
"split2@3.2.2","ISC","https://github.com/mcollina/split2"
"split2@4.2.0","ISC","https://github.com/mcollina/split2"
"sprintf-js@1.0.3","BSD-3-Clause","https://github.com/alexei/sprintf.js"
"stack-trace@0.0.10","MIT","https://github.com/felixge/node-stack-trace"
"stacktracey@2.1.8","Unlicense","https://github.com/xpl/stacktracey"
"statuses@1.5.0","MIT","https://github.com/jshttp/statuses"
"statuses@2.0.1","MIT","https://github.com/jshttp/statuses"
"stream-events@1.0.5","MIT","https://github.com/stephenplusplus/stream-events"
"stream-shift@1.0.3","MIT","https://github.com/mafintosh/stream-shift"
"streamsearch@1.1.0","MIT","https://github.com/mscdex/streamsearch"
"string-width@1.0.2","MIT","https://github.com/sindresorhus/string-width"
"string-width@4.2.3","MIT","https://github.com/sindresorhus/string-width"
"string.prototype.trim@1.2.9","MIT","https://github.com/es-shims/String.prototype.trim"
"string.prototype.trimend@1.0.8","MIT","https://github.com/es-shims/String.prototype.trimEnd"
"string.prototype.trimstart@1.0.8","MIT","https://github.com/es-shims/String.prototype.trimStart"
"string_decoder@1.1.1","MIT","https://github.com/nodejs/string_decoder"
"string_decoder@1.3.0","MIT","https://github.com/nodejs/string_decoder"
"strip-ansi@3.0.1","MIT","https://github.com/chalk/strip-ansi"
"strip-ansi@6.0.1","MIT","https://github.com/chalk/strip-ansi"
"strip-bom@3.0.0","MIT","https://github.com/sindresorhus/strip-bom"
"strip-json-comments@3.1.1","MIT","https://github.com/sindresorhus/strip-json-comments"
"strnum@1.0.5","MIT","https://github.com/NaturalIntelligence/strnum"
"stubs@3.0.0","MIT","https://github.com/stephenplusplus/stubs"
"supports-color@5.5.0","MIT","https://github.com/chalk/supports-color"
"supports-color@7.2.0","MIT","https://github.com/chalk/supports-color"
"supports-color@8.1.1","MIT","https://github.com/chalk/supports-color"
"supports-preserve-symlinks-flag@1.0.0","MIT","https://github.com/inspect-js/node-supports-preserve-symlinks-flag"
"swagger-merger@1.5.4","MIT","https://github.com/WindomZ/swagger-merger"
"swagger-to-static@1.1.0","ISC","https://github.com/gmlazu/swagger-to-static"
"swagger-ui-dist@4.19.1","Apache-2.0","https://github.com/swagger-api/swagger-ui"
"tarn@3.0.2","MIT","https://github.com/vincit/tarn.js"
"teeny-request@9.0.0","Apache-2.0","https://github.com/googleapis/teeny-request"
"text-hex@1.0.0","MIT","https://github.com/3rd-Eden/text-hex"
"tildify@2.0.0","MIT","https://github.com/sindresorhus/tildify"
"tmp@0.0.33","MIT","https://github.com/raszi/node-tmp"
"to-fast-properties@2.0.0","MIT","https://github.com/sindresorhus/to-fast-properties"
"to-regex-range@5.0.1","MIT","https://github.com/micromatch/to-regex-range"
"toidentifier@1.0.1","MIT","https://github.com/component/toidentifier"
"touch@3.1.0","ISC","https://github.com/isaacs/node-touch"
"tr46@0.0.3","MIT","https://github.com/Sebmaster/tr46.js"
"traverse@0.6.9","MIT","https://github.com/ljharb/js-traverse"
"tree-kill@1.2.2","MIT","https://github.com/pkrumins/node-tree-kill"
"triple-beam@1.4.1","MIT","https://github.com/winstonjs/triple-beam"
"ts-algebra@1.2.2","MIT","https://github.com/ThomasAribart/ts-algebra"
"tslib@2.6.2","0BSD","https://github.com/Microsoft/tslib"
"tsscmp@1.0.6","MIT","https://github.com/suryagh/tsscmp"
"tsx@4.7.2","MIT","https://github.com/privatenumber/tsx"
"turndown@7.1.3","MIT","https://github.com/mixmark-io/turndown"
"type-fest@0.21.3","(MIT OR CC0-1.0)","https://github.com/sindresorhus/type-fest"
"type-is@1.6.18","MIT","https://github.com/jshttp/type-is"
"typed-array-buffer@1.0.2","MIT","https://github.com/ljharb/typed-array-buffer"
"typed-array-byte-length@1.0.1","MIT","https://github.com/inspect-js/typed-array-byte-length"
"typed-array-byte-offset@1.0.2","MIT","https://github.com/inspect-js/typed-array-byte-offset"
"typed-array-length@1.0.6","MIT","https://github.com/inspect-js/typed-array-length"
"typedarray.prototype.slice@1.0.3","MIT","https://github.com/es-shims/TypedArray.prototype.slice"
"typedarray@0.0.6","MIT","https://github.com/substack/typedarray"
"typescript@5.4.5","Apache-2.0","https://github.com/Microsoft/TypeScript"
"uberproto@2.0.6","MIT","https://github.com/daffl/uberproto"
"unbox-primitive@1.0.2","MIT","https://github.com/ljharb/unbox-primitive"
"undefsafe@2.0.5","MIT","https://github.com/remy/undefsafe"
"undici-types@5.26.5","MIT","https://github.com/nodejs/undici"
"universalify@2.0.1","MIT","https://github.com/RyanZim/universalify"
"unpipe@1.0.0","MIT","https://github.com/stream-utils/unpipe"
"update-browserslist-db@1.0.13","MIT","https://github.com/browserslist/update-db"
"uri-js@4.4.1","BSD-2-Clause","https://github.com/garycourt/uri-js"
"uri-template-lite@22.9.0","MIT","https://github.com/litejs/uri-template-lite"
"urijs@1.19.11","MIT","https://github.com/medialize/URI.js"
"util-deprecate@1.0.2","MIT","https://github.com/TooTallNate/util-deprecate"
"utility-types@3.11.0","MIT","https://github.com/piotrwitek/utility-types"
"utils-merge@1.0.1","MIT","https://github.com/jaredhanson/utils-merge"
"uuid@8.3.2","MIT","https://github.com/uuidjs/uuid"
"uuid@9.0.1","MIT","https://github.com/uuidjs/uuid"
"validate.io-array@1.0.6","MIT","https://github.com/validate-io/array"
"validate.io-function@1.0.2","MIT","https://github.com/validate-io/function"
"validate.io-integer-array@1.0.0","MIT","https://github.com/validate-io/integer-array"
"validate.io-integer@1.0.5","MIT","https://github.com/validate-io/integer"
"validate.io-number@1.0.3","MIT","https://github.com/validate-io/number"
"vary@1.1.2","MIT","https://github.com/jshttp/vary"
"wcwidth@1.0.1","MIT","https://github.com/timoxley/wcwidth"
"web-streams-polyfill@3.3.3","MIT","https://github.com/MattiasBuelens/web-streams-polyfill"
"web-streams-polyfill@4.0.0-beta.3","MIT","https://github.com/MattiasBuelens/web-streams-polyfill"
"webidl-conversions@3.0.1","BSD-2-Clause","https://github.com/jsdom/webidl-conversions"
"whatwg-fetch@3.6.20","MIT","https://github.com/github/fetch"
"whatwg-mimetype@3.0.0","MIT","https://github.com/jsdom/whatwg-mimetype"
"whatwg-url@5.0.0","MIT","https://github.com/jsdom/whatwg-url"
"which-boxed-primitive@1.0.2","MIT","https://github.com/inspect-js/which-boxed-primitive"
"which-typed-array@1.1.15","MIT","https://github.com/inspect-js/which-typed-array"
"which@2.0.2","ISC","https://github.com/isaacs/node-which"
"window-size@0.1.4","MIT","https://github.com/jonschlinkert/window-size"
"winston-transport@4.7.0","MIT","https://github.com/winstonjs/winston-transport"
"winston@3.13.0","MIT","https://github.com/winstonjs/winston"
"workerpool@6.2.1","Apache-2.0","https://github.com/josdejong/workerpool"
"wrap-ansi@2.1.0","MIT","https://github.com/chalk/wrap-ansi"
"wrap-ansi@6.2.0","MIT","https://github.com/chalk/wrap-ansi"
"wrap-ansi@7.0.0","MIT","https://github.com/chalk/wrap-ansi"
"wrappy@1.0.2","ISC","https://github.com/npm/wrappy"
"xtend@4.0.2","MIT","https://github.com/Raynos/xtend"
"y18n@3.2.2","ISC","https://github.com/yargs/y18n"
"y18n@5.0.8","ISC","https://github.com/yargs/y18n"
"yallist@3.1.1","ISC","https://github.com/isaacs/yallist"
"yallist@4.0.0","ISC","https://github.com/isaacs/yallist"
"yaml@1.10.2","ISC","https://github.com/eemeli/yaml"
"yaml@2.4.1","ISC","https://github.com/eemeli/yaml"
"yargs-parser@20.2.4","ISC","https://github.com/yargs/yargs-parser"
"yargs-parser@21.1.1","ISC","https://github.com/yargs/yargs-parser"
"yargs-unparser@2.0.0","MIT","https://github.com/yargs/yargs-unparser"
"yargs@16.2.0","MIT","https://github.com/yargs/yargs"
"yargs@17.7.2","MIT","https://github.com/yargs/yargs"
"yargs@3.32.0","MIT","https://github.com/bcoe/yargs"
"ylru@1.4.0","MIT","https://github.com/node-modules/ylru"
"yocto-queue@0.1.0","MIT","https://github.com/sindresorhus/yocto-queue"
"zod-to-json-schema@3.22.5","ISC","https://github.com/StefanTerdell/zod-to-json-schema"
"zod@3.22.4","MIT","https://github.com/colinhacks/zod"
